{"cameraMode":{"drawMode":0,"name":"Shaded","section":"Shading Mode"},"sceneLighting":false,"audioPlay":false,"sceneViewState":{"showFog":true,"showMaterialUpdate":false,"showSkybox":true,"showFlares":true,"showImageEffects":true,"showParticleSystems":true},"in2DMode":false,"pivot":{"x":585.2432250976563,"y":27.82415008544922,"z":-85.42515563964844},"rotation":{"x":-0.0018250737339258195,"y":-0.7936534285545349,"z":0.6083627939224243,"w":-0.002380993915721774},"size":447.4841003417969,"orthographic":true}