{"cameraMode":{"drawMode":0,"name":"Shaded","section":"Shading Mode"},"sceneLighting":false,"audioPlay":false,"sceneViewState":{"showFog":true,"showMaterialUpdate":false,"showSkybox":true,"showFlares":true,"showImageEffects":true,"showParticleSystems":true},"in2DMode":false,"pivot":{"x":0.8999999761581421,"y":0.04999999701976776,"z":-1.2999999523162842},"rotation":{"x":-0.002087198430672288,"y":0.718254804611206,"z":-0.6957737803459168,"w":-0.0021546457428485157},"size":0.7192187905311585,"orthographic":false}