{"cameraMode":{"drawMode":0,"name":"Shaded","section":"Shading Mode"},"sceneLighting":false,"audioPlay":false,"sceneViewState":{"showFog":true,"showMaterialUpdate":false,"showSkybox":true,"showFlares":true,"showImageEffects":true,"showParticleSystems":true},"in2DMode":false,"pivot":{"x":-0.06329424679279328,"y":0.1858707070350647,"z":-0.10439705848693848},"rotation":{"x":-0.021822147071361543,"y":0.9261470437049866,"z":-0.37260356545448305,"w":-0.05424134433269501},"size":0.7192186713218689,"orthographic":false}